scenario_file,current_balance,current_utxo_set_count,deposit_count,inputs_spent_count,withdraw_count,negative_effective_valued_inputs_count,created_change_outputs_count,changeless_transaction_count,min_change_value,max_change_value,mean_change_value,std_dev_of_change_value,total_fees,mean_fees_per_withdraw,cost_to_empty_at_long_term_fee_rate,total_cost,min_input_set_size,max_input_set_size,mean_input_set_size,std_dev_of_input_set_size,usage
bustabit-2019-2020-tiny.csv,2685729,35,813,546.0,350,0,328,172,910,148989173,4811707.0,16192089.0,943609.0,2696.0256,43520.0,43520.0,1,29,1.56,1.9227488,"bnb: 350,failed: 150"
bustabit-2019-2020-tiny.csv,27255666,87,2027,1122.0,724,0,676,324,910,439486914,9494589.0,29583102.0,2133695.0,2947.0925,59840.0,59840.0,1,29,1.5497237,1.8367769,"bnb: 724,failed: 276"
bustabit-2019-2020-tiny.csv,125709212,91,3838,1755.0,1118,0,1054,446,910,749999002,14798614.0,43885476.0,3500866.0,3131.365,61880.0,61880.0,1,29,1.5697675,1.9363382,"bnb: 1118,failed: 382"
bustabit-2019-2020-tiny.csv,41686160,113,5099,2359.0,1507,0,1429,571,910,749999002,17662074.0,45020124.0,4691364.0,3113.0483,82960.0,82960.0,1,29,1.5653616,1.932178,"bnb: 1507,failed: 493"
bustabit-2019-2020-tiny.csv,57399324,116,5981,2878.0,1865,0,1771,729,910,749999002,18331232.0,45076840.0,5684935.0,3048.2224,79560.0,79560.0,1,29,1.5431635,1.8800756,"bnb: 1865,failed: 635"
bustabit-2019-2020-tiny.csv,4355826,129,6765,3373.0,2231,0,2123,877,910,749999002,19335466.0,46602716.0,6895867.0,3090.931,87720.0,87720.0,1,29,1.5118781,1.7820232,"bnb: 2231,failed: 769"
bustabit-2019-2020-tiny.csv,175411,119,7683,3875.0,2586,0,2471,1029,910,749999002,19504770.0,46378890.0,7929212.0,3066.2073,80920.0,80920.0,1,29,1.4984533,1.724398,"bnb: 2586,failed: 914"
bustabit-2019-2020-tiny.csv,3427408,154,8719,4430.0,2963,0,2832,1168,910,749999002,19639728.0,45947924.0,9087139.0,3066.871,104720.0,104720.0,1,33,1.4951063,1.7826368,"bnb: 2963,failed: 1037"
bustabit-2019-2020-tiny.csv,3271033,174,9449,4954.0,3303,0,3157,1343,545,749999002,19622978.0,45893480.0,10209004.0,3090.8276,118320.0,118320.0,1,33,1.4998486,1.7695851,"bnb: 3303,failed: 1197"
