scenario_file,current_balance,current_utxo_set_count,deposit_count,input_spent_count,withdraw_count,negative_effective_valued_utxos_spent_count,created_change_outputs_count,changeless_transaction_count,min_change_value,max_change_value,mean_change_value,std_dev_of_change_value,total_fees,mean_fees_per_withdraw,cost_to_empty_at_long_term_fee_rate,total_cost,min_input_size,max_input_size,mean_input_size,std_dev_of_input_size,usage
bustabit-2019-2020-tiny.csv,991280017,387,813,276,82,0,77,5,1648,148989173,5240807.5,19126528.0,310005.0,3780.5488,263160.0,573165.0,1,66,3.3658535,9.049263,"bnb: 82,failed: 417"
bustabit-2019-2020-tiny.csv,1983559369,225,2027,1237,168,16,154,14,1648,148989173,7018084.5,18929118.0,860315.0,5120.923,153000.0,1013315.0,1,359,7.3630953,37.143745,"select_sorted: 2,bnb: 166,failed: 831"
bustabit-2019-2020-tiny.csv,127091692,18,3838,2588,337,28,312,25,1648,374995053,16279014.0,36539256.0,2121584.0,6295.5015,12240.0,2133824.0,1,386,7.6795254,38.946396,"select_sorted: 6,bnb: 331,failed: 1162"
bustabit-2019-2020-tiny.csv,82034614,43,5099,3387,493,31,454,39,1648,374995053,19053906.0,36924216.0,2942726.0,5969.018,29240.0,2971966.0,1,386,6.8701825,33.59759,"select_sorted: 8,bnb: 485,failed: 1506"
bustabit-2019-2020-tiny.csv,11230119632,925,5981,3387,493,31,454,39,1648,374995053,19053906.0,36924216.0,2942726.0,5969.018,629000.0,3571726.0,1,386,6.8701825,33.59759,"select_sorted: 8,bnb: 485,failed: 2006"
bustabit-2019-2020-tiny.csv,150396679,34,6765,5068,501,42,462,39,1648,374995053,19369610.0,36975680.0,3312924.0,6612.6226,23120.0,3336044.0,1,1670,10.115768,81.44074,"select_sorted: 9,bnb: 492,failed: 2498"
bustabit-2019-2020-tiny.csv,14484760114,952,7683,5068,501,42,462,39,1648,374995053,19369610.0,36975680.0,3312924.0,6612.6226,647360.0,3960284.0,1,1670,10.115768,81.44074,"select_sorted: 9,bnb: 492,failed: 2998"
bustabit-2019-2020-tiny.csv,26579465274,1988,8719,5068,501,42,462,39,1648,374995053,19369610.0,36975680.0,3312924.0,6612.6226,1351840.0,4664764.0,1,1670,10.115768,81.44074,"select_sorted: 9,bnb: 492,failed: 3498"
bustabit-2019-2020-tiny.csv,32782843921,2718,9449,5068,501,42,462,39,1648,374995053,19369610.0,36975680.0,3312924.0,6612.6226,1848240.0,5161164.0,1,1670,10.115768,81.44074,"select_sorted: 9,bnb: 492,failed: 3998"
